Workbook
Name FID_1: [1]AGR_Fuels!$A$2

Sheet BILANS
B2: *Bilans energii
B4: Tabela: Syntetyczny bilans energii dla rozpatrywanego systemu w 2020 r.
C5: Moc osiągalna elektryczna netto | D5: Produkcja energii elektrycznej netto | E5: Produkcja ciepła netto | F5: Zużycie paliwa | G5: Średnia wartość opałowa | H5: Zużycie paliwa | I5: Średnia wartość opałowa
C6: MW | D6: GWh | E6: TJ | F6: tys.t | G6: kJ/kg | H6: mln m3 | I6: kJ/m3
B7: Elektrownie na węglu kamiennym1 | C7: 17023.8 | D7: 47860 | F7: 20996.9 | G7: 21688.2
B8: Elektrownie na węglu brunatnym1 | C8: 7391.2 | D8: 34351.7 | F8: 45266.6 | G8: 7935.8
B9: Elektrociepłownie na węglu kamiennym1 | C9: 4094.6 | D9: 16259.8 | E9: 137017.3 | F9: 11204.8 | G9: 21089.6
B10: Elektrownie na gazie ziemnym1 | C10: 1656.5 | D10: 7464.6 | E10: 17571.3 | H10: 2109.503 | I10: 32467
B11: Elektrownie wiatrowe1 | C11: 6227.6934 | D11: 15623.049
B12: Elektrownie słoneczne1 | C12: 3954.96 | D12: 1957.92
B13: Ciepłownie2 | C13: 19.806 | E13: 81695 | F13: 4227 | G13: 22840
B14: Razem | D14: =SUM(D7:D13) -> 123517.07 | E14: =SUM(E7:E13) -> 236283.6
B15: Źródło:
B16: 1) opracowanie własne na podstawie "Statystyka Elektroenergetyki Polskiej 2020" - Ministerstwo Klimatu i Środowiska, Agencja Rynku Energii S.A., Warszawa 2021.
B17: 2) EUROSTAT NRG_BAL, NRG_BAL_PEH.
B20: Tabela: Sprawności przesyłu i transformacji nośników energii w sieci w 2020 r.
B21: Nośnik energii | C21: Przesył i transformacja | D21: Sprawność
B22: Energie elektryczna | C22: WN-nn | D22: 0.95
B23: Energia elektryczna | C23: SN-nn | D23: 0.95
B24: Energia cieplna | C24: WT-NT | D24: 0.859
B25: Źródło: Opracowanie własne.
B28: Tabela: Zapotrzebowanie na energię końcową w 2020 r.
B29: Nośnik energii | C29: Jednostka | D29: Zapotrzebowanie końcowe
B30: Energia elektryczna | C30: [TWh] | D30: =SUM(D7:D12)*D22/1000 -> 117.34122
B31: Energia cieplna | C31: [PJ] | D31: =SUM(E7:E13)*D24/1000 -> 202.96761
B32: Źródło: Opracowanie własne.

Sheet SEC_Comm
B2: * Zdefiniuj dobra wykorzystywane w arkuszu
B4: *Surowce
B6: ~FI_Comm
B7: Csets | C7: CommName | D7: CommDesc | E7: Unit | F7: LimType | G7: CTSLvl | H7: PeakTS | I7: Ctype
B8: * Przynależność do zbioru dóbr | C8: Nazwa dobra | D8: Opis dobra | E8: Jednostka | F8: Znak w równaniu bilansu | G8: Poziom podokresów | H8: Monitorowanie szczytu | I8: Wskaźnik energii elektrycznej
B9: NRG | C9: ELE_nn | D9: Energia elektryczna niskie napiecie | E9: PJ | G9: DAYNITE | H9: ANNUAL | I9: ELC
B10: NRG | C10: CIEP_NT | D10: Cieplo zasilajace (o nizszej temperaturze) | E10: PJ | G10: DAYNITE | H10: ANNUAL
B11: DEM | C11: ELE_UZYTEK | D11: Energia elektryczna uzytkowa | E11: PJ | I11: ELC
B12: DEM | C12: CIEP_UZYTEK | D12: Cieplo uzytkowe | E12: PJ

Sheet SEC_Processes
B2: * Zdefiniuj procesy wykorzystywane w arkuszu
B4: *Procesy
B6: ~FI_Process
B7: Sets | C7: Region | D7: TechName | E7: TechDesc | F7: Tact | G7: Tcap | H7: Tslvl | I7: PrimaryCG | J7: Vintage
B8: * Przynależność do zbioru procesów | C8: Nazwa regionu | D8: Nazwa technologii | E8: Opis technologii | F8: Jednostka aktywności | G8: Jednostka mocy | H8: Podokres aktywności procesu | I8: Przynależność do grupy głównej dóbr | J8: Śledzenie rocznika
B9: DMD | C9: PL | D9: ELE_ODBIORY_KONCOWE | E9: Procesy przetwarzania energii finalnej na uzyteczna | F9: PJ | G9: PJ | H9: DAYNITE | J9: NO
B10: DMD | C10: PL | D10: CIEP_ODBIORY_KONCOWE | E10: Procesy przetwarzania energii finalnej na uzyteczna | F10: PJ | G10: PJ | H10: DAYNITE | J10: NO

Sheet SEKTORY_KONCOWE
B2: *Technologie odbiorcze
E4: ~FI_T
B5: TechName | C5: *TechDesc | D5: Comm-IN | E5: Comm-OUT | F5: EFF | G5: CAP2ACT
B6: * Nazwa technologii | C6: Opis technologii | D6: Surowiec na wejściu | E6: Surowiec na wyjściu | F6: Sprawność | G6: Przelicznik mocy na aktywność
B7: =SEC_Processes!D9 -> ELE_ODBIORY_KONCOWE | C7: =SEC_Processes!E9 -> Procesy przetwarzania energii finalnej na uzyteczna | D7: =SEC_Comm!C9 -> ELE_nn | E7: =SEC_Comm!C11 -> ELE_UZYTEK | F7: 1 | G7: 1
B8: =SEC_Processes!D10 -> CIEP_ODBIORY_KONCOWE | C8: =SEC_Processes!E10 -> Procesy przetwarzania energii finalnej na uzyteczna | D8: =SEC_Comm!C10 -> CIEP_NT | E8: =SEC_Comm!C12 -> CIEP_UZYTEK | F8: 1 | G8: 1

Sheet POPYT
B2: *Popyt na dobra | O2: Region | P2: Driver | Q2: \~2020 | R2: \~2021 | S2: \~2022 | T2: \~2023 | U2: \~2024 | V2: \~2025 | W2: \~2026 | X2: \~2027 | Y2: \~2028 | Z2: \~2029 | AA2: \~2030 | AB2: \~2031 | AC2: \~2032 | AD2: \~2033 | AE2: \~2034 | AF2: \~2035 | AG2: \~2036 | AH2: \~2037 | AI2: \~2038 | AJ2: \~2039 | AK2: \~2040 | AL2: \~2041 | AM2: \~2042 | AN2: \~2043 | AO2: \~2044 | AP2: \~2045 | AQ2: \~2046 | AR2: \~2047 | AS2: \~2048 | AT2: \~2049 | AU2: \~2050
O3: PL | P3: PKB | Q3: 1 | R3: 1.01865 | S3: 1.0376478 | T3: 1.057 | U3: 1.076713 | V3: 1.0967937 | W3: 1.1147592 | X3: 1.1330189 | Y3: 1.1515778 | Z3: 1.1704406 | AA3: 1.1896124 | AB3: 1.206957 | AC3: 1.2245544 | AD3: 1.2424084 | AE3: 1.2605228 | AF3: 1.2789012 | AG3: 1.2951432 | AH3: 1.3115915 | AI3: 1.3282487 | AJ3: 1.3451175 | AK3: 1.3622005 | AL3: 1.3745844 | AM3: 1.387081 | AN3: 1.3996911 | AO3: 1.4124159 | AP3: 1.4252564 | AQ3: 1.4340862 | AR3: 1.4429707 | AS3: 1.4519103 | AT3: 1.4609052 | AU3: 1.4699559
B4: ~FI_T:DEMAND | O4: PL | P4: POP | Q4: 1 | R4: 0.99823036 | S4: 0.99631872 | T4: 0.99425166 | U4: 0.99201595 | V4: 0.98960763 | W4: 0.98702663 | X4: 0.98427322 | Y4: 0.98135011 | Z4: 0.97826296 | AA4: 0.97501872 | AB4: 0.97159852 | AC4: 0.96801554 | AD4: 0.96428436 | AE4: 0.96042137 | AF4: 0.95644655 | AG4: 0.95236225 | AH4: 0.94818503 | AI4: 0.94393049 | AJ4: 0.93961485 | AK4: 0.93524609 | AL4: 0.93084146 | AM4: 0.92640208 | AN4: 0.9219373 | AO4: 0.91744719 | AP4: 0.91293628 | AQ4: 0.90840875 | AR4: 0.90386465 | AS4: 0.8993136 | AT4: 0.89475865 | AU4: 0.89020776
B5: CommName | C5: 2020 | D5: 2025 | E5: 2030 | F5: 2035 | G5: 2040 | H5: 2045 | I5: 2050
B6: * Nazwa dobra | C6: Wartość roczna popytu na dobro [PJ]
B7: =SEC_Comm!C11 -> ELE_UZYTEK | C7: =BILANS!D30*3.6 -> 422.42838 | O7: Region | P7: Demand | Q7: Driver | R7: Calibration | S7: Sensitivity
B8: =SEC_Comm!C12 -> CIEP_UZYTEK | C8: =BILANS!D31 -> 202.96761 | O8: PL | P8: ELE_UZYTEK | Q8: PKB | R8: x_1.0 | S8: x_0.5
O9: PL | P9: CIEP_UZYTEK | Q9: POP | R9: x_0.99 | S9: x_1.0
P11: Series | Q11: \~2020 | R11: \~2021 | S11: \~2022 | T11: \~2023 | U11: \~2024 | V11: \~2025 | W11: \~2026 | X11: \~2027 | Y11: \~2028 | Z11: \~2029 | AA11: \~2030 | AB11: \~2031 | AC11: \~2032 | AD11: \~2033 | AE11: \~2034 | AF11: \~2035 | AG11: \~2036 | AH11: \~2037 | AI11: \~2038 | AJ11: \~2039 | AK11: \~2040 | AL11: \~2041 | AM11: \~2042 | AN11: \~2043 | AO11: \~2044 | AP11: \~2045 | AQ11: \~2046 | AR11: \~2047 | AS11: \~2048 | AT11: \~2049 | AU11: \~2050
P12: x_0.5 | Q12: 0.5 | R12: 0.5 | S12: 0.5 | T12: 0.5 | U12: 0.5 | V12: 0.5 | W12: 0.5 | X12: 0.5 | Y12: 0.5 | Z12: 0.5 | AA12: 0.5 | AB12: 0.5 | AC12: 0.5 | AD12: 0.5 | AE12: 0.5 | AF12: 0.5 | AG12: 0.5 | AH12: 0.5 | AI12: 0.5 | AJ12: 0.5 | AK12: 0.5 | AL12: 0.5 | AM12: 0.5 | AN12: 0.5 | AO12: 0.5 | AP12: 0.5 | AQ12: 0.5 | AR12: 0.5 | AS12: 0.5 | AT12: 0.5 | AU12: 0.5
P13: x_1.0 | Q13: 1 | R13: 1 | S13: 1 | T13: 1 | U13: 1 | V13: 1 | W13: 1 | X13: 1 | Y13: 1 | Z13: 1 | AA13: 1 | AB13: 1 | AC13: 1 | AD13: 1 | AE13: 1 | AF13: 1 | AG13: 1 | AH13: 1 | AI13: 1 | AJ13: 1 | AK13: 1 | AL13: 1 | AM13: 1 | AN13: 1 | AO13: 1 | AP13: 1 | AQ13: 1 | AR13: 1 | AS13: 1 | AT13: 1 | AU13: 1
C14: ~FI_T:COM_FR | H14: ~FI_T:COM_FR | P14: x_0.99 | Q14: 0.99 | R14: =Q14 -> 0.99 | S14: =R14 -> 0.99 | T14: =S14 -> 0.99 | U14: =T14 -> 0.99 | V14: =U14 -> 0.99 | W14: =V14 -> 0.99 | X14: =W14 -> 0.99 | Y14: =X14 -> 0.99 | ... AU14: =AT14 -> 0.99
B15: CommName | C15: TimeSlice | G15: CommName | H15: TimeSlice
B16: * Nazwa dobra | C16: Podokres | D16: Udział podokresu w zapotrzebowaniu rocznym | G16: * Nazwa dobra | H16: Podokres | I16: Udział podkresu w zapotrzebowaniu rocznym | O16: PROGNOZA POPYTU
B17: =SEC_Comm!C11 -> ELE_UZYTEK | C17: 1_WIOSNA_1 | D17: 0.035714286 | G17: =B8 -> CIEP_UZYTEK | H17: 1_WIOSNA_1 | I17: 0.035714286 | O17: CommName | Q17: \~2020 | R17: \~2021 | S17: \~2022 | T17: \~2023 | U17: \~2024 | V17: \~2025 | W17: \~2026 | X17: \~2027 | Y17: \~2028 | Z17: \~2029 | AA17: \~2030 | AB17: \~2031 | AC17: \~2032 | AD17: \~2033 | AE17: \~2034 | AF17: \~2035 | AG17: \~2036 | AH17: \~2037 | AI17: \~2038 | AJ17: \~2039 | AK17: \~2040 | AL17: \~2041 | AM17: \~2042 | AN17: \~2043 | AO17: \~2044 | AP17: \~2045 | AQ17: \~2046 | AR17: \~2047 | AS17: \~2048 | AT17: \~2049 | AU17: \~2050
B18: =$B$17 -> ELE_UZYTEK | C18: 1_WIOSNA_2 | D18: 0.035714286 | G18: =G17 -> CIEP_UZYTEK | H18: 1_WIOSNA_2 | I18: 0.035714286 | O18: * Nazwa dobra
B19: =$B$17 -> ELE_UZYTEK | C19: 1_WIOSNA_3 | D19: 0.035714286 | G19: =G18 -> CIEP_UZYTEK | H19: 1_WIOSNA_3 | I19: 0.035714286 | O19: ELE_UZYTEK | Q19: =C7 -> 422.42838 | R19: =$Q$19*(R13+(R3-1)*R12) -> 426.36752 | S19: =$Q$19*(S13+(S3-1)*S12) -> 430.38013 | T19: =$Q$19*(T13+(T3-1)*T12) -> 434.46757 | U19: =$Q$19*(U13+(U3-1)*U12) -> 438.63125 | V19: =$Q$19*(V13+(V3-1)*V12) -> 442.87258 | W19: =$Q$19*(W13+(W3-1)*W12) -> 446.66714 | X19: =$Q$19*(X13+(X3-1)*X12) -> 450.52386 | Y19: =$Q$19*(Y13+(Y3-1)*Y12) -> 454.44375 | ... AU19: =$Q$19*(AU13+(AU3-1)*AU12) -> 521.68973
B20: =$B$17 -> ELE_UZYTEK | C20: 1_WIOSNA_4 | D20: 0.035714286 | G20: =G19 -> CIEP_UZYTEK | H20: 1_WIOSNA_4 | I20: 0.035714286 | O20: CIEP_UZYTEK | Q20: =C8 -> 202.96761 | R20: =$Q$20*(R14+(R4-1)*R13) -> 200.57876 | S20: =$Q$20*(S14+(S4-1)*S13) -> 200.19076 | T20: =$Q$20*(T14+(T4-1)*T13) -> 199.77121 | U20: =$Q$20*(U14+(U4-1)*U13) -> 199.31743 | V20: =$Q$20*(V14+(V4-1)*V13) -> 198.82862 | W20: =$Q$20*(W14+(W4-1)*W13) -> 198.30476 | X20: =$Q$20*(X14+(X4-1)*X13) -> 197.74591 | Y20: =$Q$20*(Y14+(Y4-1)*Y13) -> 197.15261 | ... AU20: =$Q$20*(AU14+(AU4-1)*AU13) -> 178.65367
B21: =$B$17 -> ELE_UZYTEK | C21: 1_WIOSNA_5 | D21: 0.035714286 | G21: =G20 -> CIEP_UZYTEK | H21: 1_WIOSNA_5 | I21: 0.035714286
B22: =$B$17 -> ELE_UZYTEK | C22: 1_WIOSNA_6 | D22: 0.035714286 | G22: =G21 -> CIEP_UZYTEK | H22: 1_WIOSNA_6 | I22: 0.035714286
B23: =$B$17 -> ELE_UZYTEK | C23: 1_WIOSNA_7 | D23: 0.035714286 | G23: =G22 -> CIEP_UZYTEK | H23: 1_WIOSNA_7 | I23: 0.035714286
B24: =$B$17 -> ELE_UZYTEK | C24: 2_LATO_1 | D24: 0.035714286 | G24: =G23 -> CIEP_UZYTEK | H24: 2_LATO_1 | I24: 0.035714286
B25: =$B$17 -> ELE_UZYTEK | C25: 2_LATO_2 | D25: 0.035714286 | G25: =G24 -> CIEP_UZYTEK | H25: 2_LATO_2 | I25: 0.035714286
B26: =$B$17 -> ELE_UZYTEK | C26: 2_LATO_3 | D26: 0.035714286 | G26: =G25 -> CIEP_UZYTEK | H26: 2_LATO_3 | I26: 0.035714286
B27: =$B$17 -> ELE_UZYTEK | C27: 2_LATO_4 | D27: 0.035714286 | G27: =G26 -> CIEP_UZYTEK | H27: 2_LATO_4 | I27: 0.035714286
B28: =$B$17 -> ELE_UZYTEK | C28: 2_LATO_5 | D28: 0.035714286 | G28: =G27 -> CIEP_UZYTEK | H28: 2_LATO_5 | I28: 0.035714286
B29: =$B$17 -> ELE_UZYTEK | C29: 2_LATO_6 | D29: 0.035714286 | G29: =G28 -> CIEP_UZYTEK | H29: 2_LATO_6 | I29: 0.035714286
B30: =$B$17 -> ELE_UZYTEK | C30: 2_LATO_7 | D30: 0.035714286 | G30: =G29 -> CIEP_UZYTEK | H30: 2_LATO_7 | I30: 0.035714286
B31: =$B$17 -> ELE_UZYTEK | C31: 3_JESIEN_1 | D31: 0.035714286 | G31: =G30 -> CIEP_UZYTEK | H31: 3_JESIEN_1 | I31: 0.035714286
B32: =$B$17 -> ELE_UZYTEK | C32: 3_JESIEN_2 | D32: 0.035714286 | G32: =G31 -> CIEP_UZYTEK | H32: 3_JESIEN_2 | I32: 0.035714286
... B44: =$B$17 -> ELE_UZYTEK | C44: 4_ZIMA_7 | D44: 0.035714286 | G44: =G43 -> CIEP_UZYTEK | H44: 4_ZIMA_7 | I44: 0.035714286
